date,valor,parcial
2010-01,24.0,False
2010-02,21.0,False
2010-03,20.0,False
2010-04,20.0,False
2010-05,21.0,False
2010-06,18.0,False
2010-07,17.0,False
2010-08,17.0,False
2010-09,22.0,False
2010-10,21.0,False
2010-11,20.0,False
2010-12,17.0,False
2011-01,26.0,False
2011-02,26.0,False
2011-03,24.0,False
2011-04,24.0,False
2011-05,25.0,False
2011-06,26.0,False
2011-07,25.0,False
2011-08,26.0,False
2011-09,30.0,False
2011-10,31.0,False
2011-11,31.0,False
2011-12,26.0,False
2012-01,34.0,False
2012-02,35.0,False
2012-03,34.0,False
2012-04,31.0,False
2012-05,34.0,False
2012-06,32.0,False
2012-07,42.0,False
2012-08,35.0,False
2012-09,38.0,False
2012-10,36.0,False
2012-11,39.0,False
2012-12,42.0,False
2013-01,52.0,False
2013-02,48.0,False
2013-03,41.0,False
2013-04,45.0,False
2013-05,39.0,False
2013-06,39.0,False
2013-07,38.0,False
2013-08,38.0,False
2013-09,40.0,False
2013-10,41.0,False
2013-11,36.0,False
2013-12,34.0,False
2014-01,42.0,False
2014-02,39.0,False
2014-03,36.0,False
2014-04,37.0,False
2014-05,40.0,False
2014-06,39.0,False
2014-07,42.0,False
2014-08,37.0,False
2014-09,42.0,False
2014-10,39.0,False
2014-11,38.0,False
2014-12,38.0,False
2015-01,47.0,False
2015-02,42.0,False
2015-03,42.0,False
2015-04,42.0,False
2015-05,40.0,False
2015-06,42.0,False
2015-07,43.0,False
2015-08,39.0,False
2015-09,42.0,False
2015-10,42.0,False
2015-11,39.0,False
2015-12,39.0,False
2016-01,41.0,False
2016-02,40.0,False
2016-03,36.0,False
2016-04,36.0,False
2016-05,38.0,False
2016-06,42.0,False
2016-07,39.0,False
2016-08,37.0,False
2016-09,41.0,False
2016-10,37.0,False
2016-11,38.0,False
2016-12,33.0,False
2017-01,42.0,False
2017-02,38.0,False
2017-03,38.0,False
2017-04,36.0,False
2017-05,38.0,False
2017-06,40.0,False
2017-07,41.0,False
2017-08,36.0,False
2017-09,41.0,False
2017-10,40.0,False
2017-11,39.0,False
2017-12,35.0,False
2018-01,42.0,False
2018-02,38.0,False
2018-03,37.0,False
2018-04,38.0,False
2018-05,38.0,False
2018-06,39.0,False
2018-07,42.0,False
2018-08,37.0,False
2018-09,42.0,False
2018-10,39.0,False
2018-11,40.0,False
2018-12,35.0,False
2019-01,43.0,False
2019-02,41.0,False
2019-03,40.0,False
2019-04,39.0,False
2019-05,39.0,False
2019-06,38.0,False
2019-07,40.0,False
2019-08,40.0,False
2019-09,42.0,False
2019-10,42.0,False
2019-11,42.0,False
2019-12,37.0,False
2020-01,45.0,False
2020-02,42.0,False
2020-03,100.0,False
2020-04,85.0,False
2020-05,69.0,False
2020-06,68.0,False
2020-07,60.0,False
2020-08,56.0,False
2020-09,57.0,False
2020-10,51.0,False
2020-11,49.0,False
2020-12,41.0,False
2021-01,50.0,False
2021-02,47.0,False
2021-03,54.0,False
2021-04,49.0,False
2021-05,47.0,False
2021-06,47.0,False
2021-07,45.0,False
2021-08,41.0,False
2021-09,47.0,False
2021-10,46.0,False
2021-11,42.0,False
2021-12,39.0,False
2022-01,52.0,False
2022-02,50.0,False
2022-03,56.0,False
2022-04,54.0,False
2022-05,47.0,False
2022-06,55.0,False
2022-07,57.0,False
2022-08,52.0,False
2022-09,57.0,False
2022-10,53.0,False
2022-11,55.0,False
2022-12,47.0,False
2023-01,56.0,False
2023-02,51.0,False
2023-03,48.0,False
2023-04,48.0,False
2023-05,45.0,False
2023-06,50.0,False
2023-07,51.0,False
2023-08,44.0,False
2023-09,50.0,False
2023-10,49.0,False
2023-11,49.0,False
2023-12,46.0,False
2024-01,52.0,False
2024-02,48.0,False
2024-03,41.0,False
2024-04,43.0,False
2024-05,46.0,False
2024-06,48.0,False
2024-07,46.0,False
2024-08,42.0,False
2024-09,51.0,False
2024-10,47.0,False
2024-11,48.0,False
2024-12,43.0,False
2025-01,49.0,False
2025-02,49.0,False
2025-03,43.0,False
2025-04,42.0,False
2025-05,43.0,False
2025-06,46.0,False
2025-07,48.0,False
2025-08,46.0,False
2025-09,49.0,False
2025-10,45.0,False
2025-11,44.0,False
2025-12,44.0,False
2026-01,52.0,False
2026-02,47.0,False
2026-03,42.0,False
2026-04,42.0,False
2026-05,43.0,False
2026-06,45.0,False
2026-07,43.0,False
2026-08,47.0,False
2026-09,51.0,False
2026-10,68.0,True
